{"cameraMode":{"drawMode":0,"name":"Shaded","section":"Shading Mode"},"sceneLighting":true,"audioPlay":false,"sceneViewState":{"showFog":true,"showMaterialUpdate":false,"showSkybox":true,"showFlares":true,"showImageEffects":true,"showParticleSystems":true},"in2DMode":false,"pivot":{"x":622.2636108398438,"y":520.0469970703125,"z":-19.8148193359375},"rotation":{"x":0.019498679786920549,"y":0.0029994251672178509,"z":-0.000058471239753998816,"w":0.9998058080673218},"size":724.1694946289063,"orthographic":false}